{
  "timestamp": "2025-10-12T01:11:18.380Z",
  "config": {
    "iterations": 10,
    "warmupIterations": 3,
    "targets": {
      "yamlParse": 50,
      "yamlDump": 100,
      "fileWatching": 10,
      "fsOperations": 5,
      "monitoringOverhead": 0.05
    },
    "testProject": {
      "root": "/Users/darianrosebrook/Desktop/Projects/agent-agency/iterations/v2/benchmark/test-project",
      "specId": "PERF-TEST-001"
    }
  },
  "results": {
    "yaml": {
      "avg": 0.4810082999999999,
      "p95": 0.7152499999999975,
      "target": 150,
      "pass": true
    },
    "fsAnalysis": {
      "avg": 0.22178739999999947,
      "p95": 0.3738749999999982,
      "target": 25,
      "pass": true
    },
    "jsonOps": {
      "avg": 0.1348126999999991,
      "p95": 0.16491699999999554,
      "target": 10,
      "pass": true
    },
    "fileWatching": {
      "overhead": 6.563057691083375,
      "target": 0.05,
      "pass": false,
      "eventsCaptured": 19
    },
    "raw": {
      "validation": [
        0.7152499999999975,
        0.43874999999999886,
        0.5364160000000027,
        0.5067079999999962,
        0.4327910000000017,
        0.5963750000000019,
        0.40870900000000177,
        0.5790829999999971,
        0.31979199999999963,
        0.2762090000000015
      ],
      "guidance": [
        0.29083299999999923,
        0.23595900000000114,
        0.20641699999999474,
        0.17029100000000597,
        0.21154199999999435,
        0.3738749999999982,
        0.14604099999999676,
        0.2322500000000005,
        0.21529100000000057,
        0.13537500000000335
      ],
      "provenance": [
        0.1300420000000031,
        0.16491699999999554,
        0.1469590000000025,
        0.12958299999999667,
        0.13845899999999745,
        0.13904200000000344,
        0.12504200000000054,
        0.11524999999999608,
        0.13024999999999665,
        0.128582999999999
      ],
      "monitoring": {
        "baseline": [
          0.19429099999999977,
          0.1164580000000015,
          0.1302919999999972,
          0.13412499999999739,
          0.11204199999999531,
          0.11491699999999838,
          0.10954100000000011,
          0.10841699999999577,
          0.12333300000000236,
          0.141208000000006,
          0.1267920000000018,
          0.12554200000000293,
          0.11358299999999844,
          0.10870800000000003,
          0.11366700000000662,
          0.10824999999999818,
          0.11166699999999707,
          0.12454199999999815,
          0.12645799999999952,
          0.12225000000000108
        ],
        "monitored": [
          0.7895419999999831,
          0.5514589999999941,
          0.5570830000000342,
          1.271665999999982,
          1.6727499999999509,
          0.6755840000000148,
          0.6035830000000146,
          1.2496250000000373,
          1.7747499999999263,
          0.7290420000000495,
          0.44191699999998946,
          0.46079199999996945,
          0.5399170000000595,
          0.5665000000000191,
          0.40020800000002055,
          1.139208999999937,
          0.4244580000000724,
          1.335459000000128,
          0.9373339999999644,
          2.5302499999997963
        ]
      }
    }
  },
  "summary": {
    "allTargetsMet": false,
    "totalTests": 40,
    "totalDuration": "8.376083999999985[object Object]"
  }
}